{
  "trigger_detection": [
    1113.8486862182617,
    576.8332481384277,
    902.5406837463379,
    1008.6278915405273,
    1081.2463760375977,
    922.2996234893799,
    1015.5913829803467,
    1630.094051361084,
    696.5317726135254,
    825.0117301940918
  ],
  "inner_monologue": [
    2363.8570308685303,
    1619.551181793213,
    1815.9480094909668,
    1211.4372253417969,
    1708.235263824463,
    1583.510160446167,
    1257.6665878295898,
    2146.472454071045,
    1499.9959468841553
  ],
  "state_update_async": [
    1038.3026599884033,
    857.1126461029053,
    974.4570255279541,
    1041.9411659240723,
    1050.6236553192139,
    969.158411026001,
    1006.1910152435303,
    1013.7317180633545,
    1094.8784351348877,
    909.4178676605225
  ],
  "full_response_with_im": [
    3110.9063625335693,
    3001.6114711761475,
    2998.9380836486816,
    2746.882915496826,
    2724.4932651519775,
    2154.4132232666016,
    2941.6210651397705,
    2694.3624019622803,
    2694.9210166931152
  ],
  "full_response_without_im": [
    991.8003082275391,
    1037.0862483978271,
    1021.2631225585938,
    1829.197883605957,
    871.4301586151123,
    1066.5514469146729,
    1004.6627521514893,
    1171.6303825378418,
    1285.9206199645996
  ]
}